{
  "scenario": "debug_ring_sparse_hidden_smooth_aligned",
  "seed": 10,
  "episodes": 10,
  "k_prop": 0.5,
  "results": [
    {
      "controller": "zero",
      "episodes": 10,
      "start_mse_mean": 1.5509160190820694,
      "start_mse_std": 0.870239391076723,
      "end_mse_mean": 0.7133947283029556,
      "end_mse_std": 0.6062416525366416,
      "start_mse_ctrl_mean": 1.7817826375365258,
      "start_mse_ctrl_std": 0.9942332436292347,
      "end_mse_ctrl_mean": 0.8440179951488972,
      "end_mse_ctrl_std": 0.6747423523070951,
      "start_mse_unact_mean": 1.3200492948293685,
      "start_mse_unact_std": 1.1003545158219252,
      "end_mse_unact_mean": 0.582771472632885,
      "end_mse_unact_std": 0.5571835906396162,
      "total_reward_mean": -21.630590756237506,
      "total_reward_std": 17.83294015328452,
      "steps_mean": 30.0,
      "steps_std": 0.0
    },
    {
      "controller": "random",
      "episodes": 10,
      "start_mse_mean": 1.5509160190820694,
      "start_mse_std": 0.870239391076723,
      "end_mse_mean": 0.836848047375679,
      "end_mse_std": 0.5243445176705821,
      "start_mse_ctrl_mean": 1.7817826375365258,
      "start_mse_ctrl_std": 0.9942332436292347,
      "end_mse_ctrl_mean": 1.0625639766454698,
      "end_mse_ctrl_std": 0.683232001662814,
      "start_mse_unact_mean": 1.3200492948293685,
      "start_mse_unact_std": 1.1003545158219252,
      "end_mse_unact_mean": 0.6111321389675141,
      "end_mse_unact_std": 0.44176483097145636,
      "total_reward_mean": -24.687858005985618,
      "total_reward_std": 17.720615313314113,
      "steps_mean": 30.0,
      "steps_std": 0.0
    },
    {
      "controller": "proportional",
      "episodes": 10,
      "start_mse_mean": 1.5509160190820694,
      "start_mse_std": 0.870239391076723,
      "end_mse_mean": 0.01279676272533834,
      "end_mse_std": 0.014284581456779463,
      "start_mse_ctrl_mean": 1.7817826375365258,
      "start_mse_ctrl_std": 0.9942332436292347,
      "end_mse_ctrl_mean": 0.015363260440062731,
      "end_mse_ctrl_std": 0.017097248029277368,
      "start_mse_unact_mean": 1.3200492948293685,
      "start_mse_unact_std": 1.1003545158219252,
      "end_mse_unact_mean": 0.010230265685822814,
      "end_mse_unact_std": 0.012146590680761684,
      "total_reward_mean": -2.3198800015787127,
      "total_reward_std": 1.8039933623277142,
      "steps_mean": 30.0,
      "steps_std": 0.0
    },
    {
      "controller": "masked_proportional",
      "episodes": 10,
      "start_mse_mean": 1.5509160190820694,
      "start_mse_std": 0.870239391076723,
      "end_mse_mean": 0.02739326941082254,
      "end_mse_std": 0.017005143605638703,
      "start_mse_ctrl_mean": 1.7817826375365258,
      "start_mse_ctrl_std": 0.9942332436292347,
      "end_mse_ctrl_mean": 0.03375890948809683,
      "end_mse_ctrl_std": 0.02118552826247583,
      "start_mse_unact_mean": 1.3200492948293685,
      "start_mse_unact_std": 1.1003545158219252,
      "end_mse_unact_mean": 0.02102763035800308,
      "end_mse_unact_std": 0.01424242058371606,
      "total_reward_mean": -4.585087842936628,
      "total_reward_std": 3.199161232037611,
      "steps_mean": 30.0,
      "steps_std": 0.0
    },
    {
      "controller": "inferred_proportional",
      "episodes": 10,
      "start_mse_mean": 1.5509160190820694,
      "start_mse_std": 0.870239391076723,
      "end_mse_mean": 0.012829339923337102,
      "end_mse_std": 0.014311472030861772,
      "start_mse_ctrl_mean": 1.7817826375365258,
      "start_mse_ctrl_std": 0.9942332436292347,
      "end_mse_ctrl_mean": 0.01585838720202446,
      "end_mse_ctrl_std": 0.01696181030955434,
      "start_mse_unact_mean": 1.3200492948293685,
      "start_mse_unact_std": 1.1003545158219252,
      "end_mse_unact_mean": 0.009800293017178774,
      "end_mse_unact_std": 0.01236350309158766,
      "total_reward_mean": -2.3532069528708233,
      "total_reward_std": 1.8599438050875108,
      "steps_mean": 30.0,
      "steps_std": 0.0
    }
  ]
}
